Book	url
《股市趋势技术分析》（原版）	http://www.swdyj.com/sj/GSQSJS.rar
《日本蜡烛图技术》（原版）	http://www.swdyj.com/sj/LZT.rar
《股票K线战法》（原版）	http://www.swdyj.com/sj/KXZF.rar
《证券混沌操作法-低风险获利指南》（原版）	http://www.swdyj.com/sj/HDCZ.rar
《证券交易新空间》（原版）	http://www.swdyj.com/sj/ZQJYX.rar
《亚当理论》（原版）	http://www.swdyj.com/SJ/YDLL.rar
《股市晴雨表》（原版）	http://www.swdyj.com/sj/QYB.chm
《专业投机原理》（原版）	http://www.swdyj.com/sj/ZYTJ.rar
《短线交易秘诀》（原版）	http://www.swdyj.com/sj/DXJY.rar
《原版海龟交易法则》（中文版）	http://www.swdyj.com/sj/YBHG.rar
《江恩论述六边形的手稿》(中英对照)	http://www.swdyj.com/sj/JELX.rar
《股市博弈》	http://www.swdyj.com/sj/GSBY.rar
《实战短线》	http://www.swdyj.com/sj/DXSZ.rar
《波浪理论基础》	http://www.swdyj.com/SJ/BLJC.exe
《期货交易入门》（原版）	http://www.swdyj.com/SJ/qhjyrm.chm
《股票作手回忆录》	http://www.swdyj.com/SJ/zu55188ou.chm
《期货市场技术分析》（原版）	http://www.swdyj.com/sj/jsfx.rar
《艾略特波浪理论-市场行为的关键》（原版）	http://www.swdyj.com/sj/scxw.rar
《投机智慧》（原版）	http://www.swdyj.com/sj/tjzh.chm
《通向金融王国的自由之路》（原版）	http://www.swdyj.com/sj/jrwg.rar
《系统交易方法》（原版）	http://www.swdyj.com/sj/xtjy.rar
《计算机化证券期货投资交易》：	http://www.swdyj.com/sj/JSJFX.zip
《索罗斯传记》	http://www.swdyj.com/sj/SLS.chm
《金融炼金术》（原版）	http://www.swdyj.com/sj/LJS.rar
《股票大作手操盘术》	http://www.swdyj.com/sj/GPDZS.rar
《欧奈尔：证券投资二十四堂课》（原版）	http://www.swdyj.com/sj/ZQTZ.rar
《大众心理与走势预测》（原版）	http://www.swdyj.com/sj/DZXL.rar
《股市无敌》（原版）	http://www.swdyj.com/sj/GSWD.rar
《期货市场获利实用技法》	http://www.swdyj.com/sj/QHHL.rar
《投资理财》（原版）	http://www.swdyj.com/sj/TZLC.rar
《战胜华尔街-全美头号职业炒手的股票经》（原版）	http://www.swdyj.com/sj/ZSHEJ.rar
《战胜华尔街-审慎投资者指南》（原版）	http://www.swdyj.com/sj/ZSHEJ2.rar
《期货交易成功之道》（原版）	http://www.swdyj.com/sj/QHJY.rar
《期货交易技术分析》（原版）	http://www.swdyj.com/sj/QHJS.rar
《在华尔街崛起》（原版）	http://www.swdyj.com/sj/ZHEJ.rar
《索罗斯-走在市场曲线前面的人》（原版）	http://www.swdyj.com/sj/ZZGS.rar
《沃伦巴菲特之路》（原版）	http://www.swdyj.com/sj/BFTZL.rar
《沃伦巴菲特的投资组合》（原版）	http://www.swdyj.com/sj/TZZH.rar
《巴菲特怎样选择成长股》（原版）	http://www.swdyj.com/sj/BFTXZ.rar
《价值再发现》（原版）	http://www.swdyj.com/sj/JZFZ.rar
《江恩理论》	http://www.swdyj.com/sj/JELL.rar
《格雷厄姆论价值投资》（原版）	http://www.swdyj.com/sj/GLEM.rar
《玩转地球》（原版）	http://www.swdyj.com/sj/WZDQ.RAR
《罗杰斯环球投资旅行》（原版）	http://www.swdyj.com/sj/HQLX.rar
《炒股的智慧》	http://www.swdyj.com/sj/CGZH.rar
《金融怪杰》	http://www.swdyj.com/sj/JRGJ.rar
《技术分析精解》（原版）	http://www.swdyj.com/sj/JSJJ.rar
《直觉交易商》（原版）	http://www.swdyj.com/sj/ZJJY.rar
《投资错觉》（原版）	http://www.swdyj.com/sj/TZCJ.rar
《动能指标》（原版）	http://www.swdyj.com/sj/DNZB.rar
《克罗谈投资策略》（原版）	http://www.swdyj.com/sj/KLCL.rar
《向格雷厄姆学思考，向巴菲特学投资》（原版）	http://www.swdyj.com/sj/XGXB.rar
《一个投机者的告白》（原版）	http://www.swdyj.com/sj/YGTJZ.rar
《一次读完25本投资经典》（原版）	http://www.swdyj.com/sj/YC25.rar
《酒田战法》	http://www.swdyj.com/sj/JTZF.rar
《股票经典分析》	http://www.swdyj.com/sj/GPJD.rar
《交易为王》（原版）	http://www.swdyj.com/sj/JJWW.rar
《投资学》（原版）	http://www.swdyj.com/sj/TZX.rar
《投资艺术》（原版）	http://www.swdyj.com/sj/TZYS.rar
《var：风险价值―金融风险管理新标准》（原版）	http://www.swdyj.com/sj/varFXJZ.rar
《交易规则2》（原版）	http://www.swdyj.com/sj/JYGZ2.rar
《期货期权入门》（原版）	http://www.swdyj.com/sj/QHQQ.rar
《资本市场的混沌与秩序》（原版）	http://www.swdyj.com/sj/ZBSC.rar
《股票技术分析新思维来自大师的交易模式》（原版）	http://www.swdyj.com/sj/HSXSW.rar
《股票市场与概率》（原版）	http://www.swdyj.com/sj/GPYGL.rar
《华尔街点金人-华尔街精英访谈录》（原版）	http://www.swdyj.com/sj/HEJDJR.rar
《道氏理论》	http://www.swdyj.com/sj/DSLL.rar
《确定性的终结-时间、混沌与新自然法则》	http://www.swdyj.com/sj/QDXZJ.rar
《新版混沌操作法》	http://www.swdyj.com/sj/XBHD.rar
《88种股市陷阱》（原版）	http://www.swdyj.com/sj/88GSXJ.rar
《聪明的投资人》（原版）	http://www.swdyj.com/sj/CMTZR.rar
《华尔街神童》（原版）	http://www.swdyj.com/sj/HEJST.rar
《巴菲特年度报告(1977―2003)》（原版）	http://www.swdyj.com/sj/BFTNDBG.rar
《操盘建议-全球顶尖交易员的成功实践和心路历程》（原版）	http://www.swdyj.com/sj/CPJY.rar
《我如何弄垮巴林银行的》	http://www.swdyj.com/sj/WSRH.chm
《巴菲特致股东的信：股份公司教程》（原版）	http://www.swdyj.com/sj/BFTZGD.rar
《分析实战技法》	http://www.swdyj.com/sj/FXSZ.rar
《布林线》（原版）	http://www.swdyj.com/sj/BLX.rar
《对冲基金手册》（原版）	http://www.swdyj.com/sj/DCSC.rar
《期货交易秘诀》（原版）	http://www.swdyj.com/sj/QHMJ.rar
《穷爸爸富爸爸》	http://www.swdyj.com/sj/QBFB.rar
《长线短炒》（原版）	http://www.swdyj.com/sj/CXDC.rar
《股票作手回忆录（原版）》	http://www.swdyj.com/sj/GPZS.RAR
《股票大作手操盘术》	http://www.swdyj.com/sj/DZSCP.chm
《艾略特名著集（原版）》	http://www.swdyj.com/sj/ALTMZ.rar
《交易冠军（原版）》	http://www.swdyj.com/sj/JYGJ.rar
《短线交易大师――工具与策略》	http://www.swdyj.com/sj/DXJYDS.rar
